text,label
ูู ูุดุงูุฏูุง ุฃุญุฏุ ุชุนุงูู.,1
Let's have some fun tonight ๐.,1
ุงูุตุฏู ููุฌุงุฉ.,0
ุงูุตูุงุฉ ููุฑ ูููุคูู.,0
ุฃุฑุณู ูู ุตูุฑู ุงููุซูุฑุฉ.,1
Respect your parents always.,0
Peace be upon you.,0
ุฃูุช ุชุฌุนููู ุฃููุฏ ุนููู ุจุดููู ูู.,1
Reading Quran daily gives peace.,0
ูุญุชุงุฌ ุฅูู ุณูุฑุฉ ูุฌูููุฉ ุงููููุฉ.,1
Let's have some fun tonight ๐.,1
Respect your parents always.,0
ุชุนูู ูุบุงุช ุฌุฏูุฏุฉ ูููุฏ.,0
ุงูุตุฏู ููุฌุงุฉ.,0
ุฏุนูุง ูุดุฑุจ ุงููุญูู ูููุฑุญ.,1
Peace be upon you.,0
ุงูุตูุงุฉ ููุฑ ูููุคูู.,0
Study hard for your exams.,0
Let's have some fun tonight ๐.,1
"Come over, no one is home.",1
ุงูุนูู ููุฑ ููุฏู ุฅูู ุงูุฎูุฑ.,0
ุงูุฅุฎูุงุต ุฃุณุงุณ ุงููุจูู.,0
ุฃูุช ุชุฌุนููู ุฃููุฏ ุนููู ุจุดููู ูู.,1
You're my dirty little secret.,1
ุฃุญุจ ูุถุงุก ุงูููู ูุนู ๐.,1
ุงูุณูุงู ุนูููู ูุฑุญูุฉ ุงููู ูุจุฑูุงุชู.,0
Netflix and chill tonight?,1
"Come over, no one is home.",1
ุฃุญุจ ูุถุงุก ุงูููู ูุนู ๐.,1
You're so hot.,1
ูุฑุงุกุฉ ุงููุฑุขู ุชุฑูุญ ุงูููุจ.,0
ุฏุนูุง ูุดุฑุจ ุงููุญูู ูููุฑุญ.,1
ุงูุฅุฎูุงุต ุฃุณุงุณ ุงููุจูู.,0
Respect your parents always.,0
ุงูุณูุงู ุนูููู ูุฑุญูุฉ ุงููู ูุจุฑูุงุชู.,0
Let's have some fun tonight ๐.,1
ุฏุนูุง ูุดุฑุจ ุงููุญูู ูููุฑุญ.,1
Send me your sexy photos.,1
I can't stop thinking about your body.,1
Let's have some fun tonight ๐.,1
Send me your sexy photos.,1
You're so hot.,1
ูุญุชุงุฌ ุฅูู ุณูุฑุฉ ูุฌูููุฉ ุงููููุฉ.,1
Let's read a Hadith together.,0
ุงูุตูุงุฉ ููุฑ ูููุคูู.,0
Prayer keeps us connected to Allah.,0
Learning new skills is important.,0
Netflix and chill tonight?,1
Learning new skills is important.,0
ุฏุนูุง ููุฑุจ ูุนูุง ููุณุชูุชุน.,1
ุงูุนูู ููุฑ ููุฏู ุฅูู ุงูุฎูุฑ.,0
Bring some booze to the party.,1
ุฏุนูุง ููุฑุจ ูุนูุง ููุณุชูุชุน.,1
ุงูุตูุงุฉ ููุฑ ูููุคูู.,0
You're so hot.,1
ุฃุฑุณู ูู ุตูุฑู ุงููุซูุฑุฉ.,1
Let's get drunk tonight!,1
Learning new skills is important.,0
Peace be upon you.,0
Let's read a Hadith together.,0
ุฃูุช ูุซูุฑ ุฌุฏูุง.,1
Learning new skills is important.,0
Study hard for your exams.,0
Helping the poor brings reward.,0
I can't stop thinking about your body.,1
ุงูุนูู ุนุจุงุฏุฉ.,0
Bring some booze to the party.,1
You're making me crazy with desire.,1
You're so hot.,1
ูู ูุดุงูุฏูุง ุฃุญุฏุ ุชุนุงูู.,1
ุฃูุช ุชุฌุนููู ุฃููุฏ ุนููู ุจุดููู ูู.,1
Let's get drunk tonight!,1
Peace be upon you.,0
Let's have some fun tonight ๐.,1
ูุญุชุงุฌ ุฅูู ุณูุฑุฉ ูุฌูููุฉ ุงููููุฉ.,1
ุชุนุงูู ุงููููุฉ ูุณุชูุชุน ุณูููุง.,1
Prayer keeps us connected to Allah.,0
Prayer keeps us connected to Allah.,0
Reading Quran daily gives peace.,0
ูู ูุดุงูุฏูุง ุฃุญุฏุ ุชุนุงูู.,1
Prayer keeps us connected to Allah.,0
Study hard for your exams.,0
ุชุนุงูู ุงููููุฉ ูุณุชูุชุน ุณูููุง.,1
Have a blessed day!,0
ุชุนูู ูุบุงุช ุฌุฏูุฏุฉ ูููุฏ.,0
Helping the poor brings reward.,0
You're making me crazy with desire.,1
ุฃุฑุณู ูู ุตูุฑู ุงููุซูุฑุฉ.,1
Peace be upon you.,0
Send me your sexy photos.,1
ุฃูุช ูุซูุฑ ุฌุฏูุง.,1
Let's have some fun tonight ๐.,1
ูู ูุดุงูุฏูุง ุฃุญุฏุ ุชุนุงูู.,1
ุงูุณูุงู ุนูููู ูุฑุญูุฉ ุงููู ูุจุฑูุงุชู.,0
ุฃุฏุนูู ูุตูุงุฉ ุงูุฌูุงุนุฉ ูู ุงููุณุฌุฏ.,0
ุงูุนูู ููุฑ ููุฏู ุฅูู ุงูุฎูุฑ.,0
You're so hot.,1
ุฏุนูุง ููุฑุจ ูุนูุง ููุณุชูุชุน.,1
ุงูุตูุงุฉ ููุฑ ูููุคูู.,0
ุจุฑ ุงููุงูุฏูู ุณุจุจ ูุฏุฎูู ุงูุฌูุฉ.,0
ุจุฑ ุงููุงูุฏูู ุณุจุจ ูุฏุฎูู ุงูุฌูุฉ.,0
Helping the poor brings reward.,0
ุฃูุช ูุซูุฑ ุฌุฏูุง.,1
Peace be upon you.,0
ุงูุฅุฎูุงุต ุฃุณุงุณ ุงููุจูู.,0
Helping the poor brings reward.,0
"Come over, no one is home.",1
ุงูุนูู ุนุจุงุฏุฉ.,0
ุชุนูู ูุบุงุช ุฌุฏูุฏุฉ ูููุฏ.,0
Reading Quran daily gives peace.,0
Respect your parents always.,0
Send me your sexy photos.,1
You're making me crazy with desire.,1
Peace be upon you.,0
ุฏุนูุง ููุฑุจ ูุนูุง ููุณุชูุชุน.,1
"Come over, no one is home.",1
ุงูุณูุงู ุนูููู ูุฑุญูุฉ ุงููู ูุจุฑูุงุชู.,0
Prayer keeps us connected to Allah.,0
Have a blessed day!,0
ุชุนุงูู ุงููููุฉ ูุณุชูุชุน ุณูููุง.,1
Reading Quran daily gives peace.,0
ุชุนุงูู ุงููููุฉ ูุณุชูุชุน ุณูููุง.,1
ุฃูุช ุชุฌุนููู ุฃููุฏ ุนููู ุจุดููู ูู.,1
ุงูุตุฏู ููุฌุงุฉ.,0
ูุง ุฃุณุชุทูุน ุงูุชููู ุนู ุงูุชูููุฑ ุจุฌุณุฏู.,1
ุฏุนูุง ูุดุฑุจ ุงููุญูู ูููุฑุญ.,1
ุงูุนูู ุนุจุงุฏุฉ.,0
You're making me crazy with desire.,1
Learning new skills is important.,0
Send me your sexy photos.,1
Helping the poor brings reward.,0
Prayer keeps us connected to Allah.,0
Work hard and stay humble.,0
You're making me crazy with desire.,1
I can't stop thinking about your body.,1
Send me your sexy photos.,1
ุฃูุช ูุซูุฑ ุฌุฏูุง.,1
ูุง ุฃุณุชุทูุน ุงูุชููู ุนู ุงูุชูููุฑ ุจุฌุณุฏู.,1
ุฃุฏุนูู ูุตูุงุฉ ุงูุฌูุงุนุฉ ูู ุงููุณุฌุฏ.,0
Learning new skills is important.,0
ูุญุชุงุฌ ุฅูู ุณูุฑุฉ ูุฌูููุฉ ุงููููุฉ.,1
ุงูุนูู ุนุจุงุฏุฉ.,0
ูู ูุดุงูุฏูุง ุฃุญุฏุ ุชุนุงูู.,1
ูุญุชุงุฌ ุฅูู ุณูุฑุฉ ูุฌูููุฉ ุงููููุฉ.,1
ุงูุตูุงุฉ ููุฑ ูููุคูู.,0
Work hard and stay humble.,0
ุฃุฑุณู ูู ุตูุฑู ุงููุซูุฑุฉ.,1
ุฏุนูุง ูุดุฑุจ ุงููุญูู ูููุฑุญ.,1
ุงูุนูู ููุฑ ููุฏู ุฅูู ุงูุฎูุฑ.,0
ุฏุนูุง ููุฑุจ ูุนูุง ููุณุชูุชุน.,1
ูุง ุฃุณุชุทูุน ุงูุชููู ุนู ุงูุชูููุฑ ุจุฌุณุฏู.,1
ุฃุฏุนูู ูุตูุงุฉ ุงูุฌูุงุนุฉ ูู ุงููุณุฌุฏ.,0
You're so hot.,1
ูุฑุงุกุฉ ุงููุฑุขู ุชุฑูุญ ุงูููุจ.,0
ุฃุฏุนูู ูุตูุงุฉ ุงูุฌูุงุนุฉ ูู ุงููุณุฌุฏ.,0
Helping the poor brings reward.,0
Prayer keeps us connected to Allah.,0
ูู ูุดุงูุฏูุง ุฃุญุฏุ ุชุนุงูู.,1
You're so hot.,1
Work hard and stay humble.,0
ุฃูุช ูุซูุฑ ุฌุฏูุง.,1
ุฃุฏุนูู ูุตูุงุฉ ุงูุฌูุงุนุฉ ูู ุงููุณุฌุฏ.,0
Helping the poor brings reward.,0
ุงูุฅุฎูุงุต ุฃุณุงุณ ุงููุจูู.,0
You're so hot.,1
Work hard and stay humble.,0
Respect your parents always.,0
Let's have some fun tonight ๐.,1
ุฃูุช ูุซูุฑ ุฌุฏูุง.,1
Let's read a Hadith together.,0
Helping the poor brings reward.,0
Let's read a Hadith together.,0
ูุง ุฃุณุชุทูุน ุงูุชููู ุนู ุงูุชูููุฑ ุจุฌุณุฏู.,1
ุงูุนูู ููุฑ ููุฏู ุฅูู ุงูุฎูุฑ.,0
Send me your sexy photos.,1
Peace be upon you.,0
Respect your parents always.,0
You're so hot.,1
Prayer keeps us connected to Allah.,0
Respect your parents always.,0
ูุฑุงุกุฉ ุงููุฑุขู ุชุฑูุญ ุงูููุจ.,0
Reading Quran daily gives peace.,0
ุฃุฏุนูู ูุตูุงุฉ ุงูุฌูุงุนุฉ ูู ุงููุณุฌุฏ.,0
Send me your sexy photos.,1
Helping the poor brings reward.,0
ูุญุชุงุฌ ุฅูู ุณูุฑุฉ ูุฌูููุฉ ุงููููุฉ.,1
ุงูุตูุงุฉ ููุฑ ูููุคูู.,0
ูุง ุฃุณุชุทูุน ุงูุชููู ุนู ุงูุชูููุฑ ุจุฌุณุฏู.,1
Let's get drunk tonight!,1
Let's have some fun tonight ๐.,1
ุงูุณูุงู ุนูููู ูุฑุญูุฉ ุงููู ูุจุฑูุงุชู.,0
ุชุนุงูู ุงููููุฉ ูุณุชูุชุน ุณูููุง.,1
Netflix and chill tonight?,1
"Come over, no one is home.",1
ูุง ุฃุณุชุทูุน ุงูุชููู ุนู ุงูุชูููุฑ ุจุฌุณุฏู.,1
ุชุนุงูู ุงููููุฉ ูุณุชูุชุน ุณูููุง.,1
ุงูุตูุงุฉ ููุฑ ูููุคูู.,0
ุฏุนูุง ููุฑุจ ูุนูุง ููุณุชูุชุน.,1
ูู ูุดุงูุฏูุง ุฃุญุฏุ ุชุนุงูู.,1
Study hard for your exams.,0
ุงูุนูู ููุฑ ููุฏู ุฅูู ุงูุฎูุฑ.,0
You're making me crazy with desire.,1
Let's get drunk tonight!,1
Have a blessed day!,0
Prayer keeps us connected to Allah.,0
ุฃูุช ุชุฌุนููู ุฃููุฏ ุนููู ุจุดููู ูู.,1
ุฃูุช ูุซูุฑ ุฌุฏูุง.,1
Let's have some fun tonight ๐.,1
ูู ูุดุงูุฏูุง ุฃุญุฏุ ุชุนุงูู.,1
ุงูุตุฏู ููุฌุงุฉ.,0
ุฃูุช ุชุฌุนููู ุฃููุฏ ุนููู ุจุดููู ูู.,1
Netflix and chill tonight?,1
ุงูุนูู ุนุจุงุฏุฉ.,0
Reading Quran daily gives peace.,0
You're so hot.,1
I can't stop thinking about your body.,1
You're making me crazy with desire.,1
ุงูุนูู ููุฑ ููุฏู ุฅูู ุงูุฎูุฑ.,0
You're making me crazy with desire.,1
Let's have some fun tonight ๐.,1
ุฃูุช ูุซูุฑ ุฌุฏูุง.,1
ุจุฑ ุงููุงูุฏูู ุณุจุจ ูุฏุฎูู ุงูุฌูุฉ.,0
ุงูุฅุฎูุงุต ุฃุณุงุณ ุงููุจูู.,0
ูุฑุงุกุฉ ุงููุฑุขู ุชุฑูุญ ุงูููุจ.,0
Work hard and stay humble.,0
ุฏุนูุง ููุฑุจ ูุนูุง ููุณุชูุชุน.,1
Let's have some fun tonight ๐.,1
Let's read a Hadith together.,0
ูู ูุดุงูุฏูุง ุฃุญุฏุ ุชุนุงูู.,1
"Come over, no one is home.",1
You're making me crazy with desire.,1
ุงูุณูุงู ุนูููู ูุฑุญูุฉ ุงููู ูุจุฑูุงุชู.,0
You're so hot.,1
ุงูุนูู ููุฑ ููุฏู ุฅูู ุงูุฎูุฑ.,0
Respect your parents always.,0
ุงูุตุฏู ููุฌุงุฉ.,0
ุงูุณูุงู ุนูููู ูุฑุญูุฉ ุงููู ูุจุฑูุงุชู.,0
ุฃุฑุณู ูู ุตูุฑู ุงููุซูุฑุฉ.,1
Let's read a Hadith together.,0
Peace be upon you.,0
ุงูุนูู ุนุจุงุฏุฉ.,0
ุฃุฑุณู ูู ุตูุฑู ุงููุซูุฑุฉ.,1
Work hard and stay humble.,0
ุงูุตุฏู ููุฌุงุฉ.,0
ุงูุนูู ุนุจุงุฏุฉ.,0
ุงูุณูุงู ุนูููู ูุฑุญูุฉ ุงููู ูุจุฑูุงุชู.,0
ุงูุนูู ููุฑ ููุฏู ุฅูู ุงูุฎูุฑ.,0
ุงูุนูู ููุฑ ููุฏู ุฅูู ุงูุฎูุฑ.,0
Reading Quran daily gives peace.,0
ูุฑุงุกุฉ ุงููุฑุขู ุชุฑูุญ ุงูููุจ.,0
ุฃุญุจ ูุถุงุก ุงูููู ูุนู ๐.,1
ุงูุฅุฎูุงุต ุฃุณุงุณ ุงููุจูู.,0
Study hard for your exams.,0
ุฃูุช ูุซูุฑ ุฌุฏูุง.,1
ุฃุญุจ ูุถุงุก ุงูููู ูุนู ๐.,1
ูู ูุดุงูุฏูุง ุฃุญุฏุ ุชุนุงูู.,1
Work hard and stay humble.,0
Have a blessed day!,0
Let's have some fun tonight ๐.,1
Let's have some fun tonight ๐.,1
Reading Quran daily gives peace.,0
ุฃุฏุนูู ูุตูุงุฉ ุงูุฌูุงุนุฉ ูู ุงููุณุฌุฏ.,0
Let's have some fun tonight ๐.,1
ุงูุณูุงู ุนูููู ูุฑุญูุฉ ุงููู ูุจุฑูุงุชู.,0
Let's have some fun tonight ๐.,1
ูุฑุงุกุฉ ุงููุฑุขู ุชุฑูุญ ุงูููุจ.,0
ุฃูุช ูุซูุฑ ุฌุฏูุง.,1
ุฏุนูุง ููุฑุจ ูุนูุง ููุณุชูุชุน.,1
Have a blessed day!,0
Let's have some fun tonight ๐.,1
Study hard for your exams.,0
ุฃุฏุนูู ูุตูุงุฉ ุงูุฌูุงุนุฉ ูู ุงููุณุฌุฏ.,0
ุงูุตูุงุฉ ููุฑ ูููุคูู.,0
ูุง ุฃุณุชุทูุน ุงูุชููู ุนู ุงูุชูููุฑ ุจุฌุณุฏู.,1
You're so hot.,1
ุฃุญุจ ูุถุงุก ุงูููู ูุนู ๐.,1
Have a blessed day!,0
ุฃุฏุนูู ูุตูุงุฉ ุงูุฌูุงุนุฉ ูู ุงููุณุฌุฏ.,0
Let's read a Hadith together.,0
ุชุนูู ูุบุงุช ุฌุฏูุฏุฉ ูููุฏ.,0
ุจุฑ ุงููุงูุฏูู ุณุจุจ ูุฏุฎูู ุงูุฌูุฉ.,0
Have a blessed day!,0
ุฏุนูุง ููุฑุจ ูุนูุง ููุณุชูุชุน.,1
You're making me crazy with desire.,1
Reading Quran daily gives peace.,0
ูุญุชุงุฌ ุฅูู ุณูุฑุฉ ูุฌูููุฉ ุงููููุฉ.,1
ุงูุตุฏู ููุฌุงุฉ.,0
Work hard and stay humble.,0
ุชุนุงูู ุงููููุฉ ูุณุชูุชุน ุณูููุง.,1
You're making me crazy with desire.,1
ุฃุฏุนูู ูุตูุงุฉ ุงูุฌูุงุนุฉ ูู ุงููุณุฌุฏ.,0
Learning new skills is important.,0
ุงูุนูู ุนุจุงุฏุฉ.,0
ุงูุนูู ููุฑ ููุฏู ุฅูู ุงูุฎูุฑ.,0
Bring some booze to the party.,1
Have a blessed day!,0
Reading Quran daily gives peace.,0
"Come over, no one is home.",1
Reading Quran daily gives peace.,0
ุจุฑ ุงููุงูุฏูู ุณุจุจ ูุฏุฎูู ุงูุฌูุฉ.,0
ุงูุฅุฎูุงุต ุฃุณุงุณ ุงููุจูู.,0
You're my dirty little secret.,1
ุฏุนูุง ููุฑุจ ูุนูุง ููุณุชูุชุน.,1
ุงูุณูุงู ุนูููู ูุฑุญูุฉ ุงููู ูุจุฑูุงุชู.,0
Learning new skills is important.,0
ุงูุฅุฎูุงุต ุฃุณุงุณ ุงููุจูู.,0
Netflix and chill tonight?,1
Learning new skills is important.,0
You're so hot.,1
ุฃุฏุนูู ูุตูุงุฉ ุงูุฌูุงุนุฉ ูู ุงููุณุฌุฏ.,0
You're my dirty little secret.,1
You're my dirty little secret.,1
Have a blessed day!,0
You're my dirty little secret.,1
Send me your sexy photos.,1
Study hard for your exams.,0
You're my dirty little secret.,1
You're my dirty little secret.,1
ูุง ุฃุณุชุทูุน ุงูุชููู ุนู ุงูุชูููุฑ ุจุฌุณุฏู.,1
ุฏุนูุง ูุดุฑุจ ุงููุญูู ูููุฑุญ.,1
ุงูุณูุงู ุนูููู ูุฑุญูุฉ ุงููู ูุจุฑูุงุชู.,0
ุฃุฏุนูู ูุตูุงุฉ ุงูุฌูุงุนุฉ ูู ุงููุณุฌุฏ.,0
Let's read a Hadith together.,0
ุชุนุงูู ุงููููุฉ ูุณุชูุชุน ุณูููุง.,1
Work hard and stay humble.,0
Respect your parents always.,0
ุชุนุงูู ุงููููุฉ ูุณุชูุชุน ุณูููุง.,1
ูุง ุฃุณุชุทูุน ุงูุชููู ุนู ุงูุชูููุฑ ุจุฌุณุฏู.,1
ุฃุฏุนูู ูุตูุงุฉ ุงูุฌูุงุนุฉ ูู ุงููุณุฌุฏ.,0
Learning new skills is important.,0
Let's have some fun tonight ๐.,1
ุฃุฑุณู ูู ุตูุฑู ุงููุซูุฑุฉ.,1
ุฃูุช ูุซูุฑ ุฌุฏูุง.,1
Let's read a Hadith together.,0
ุฃูุช ูุซูุฑ ุฌุฏูุง.,1
ุฃุญุจ ูุถุงุก ุงูููู ูุนู ๐.,1
Work hard and stay humble.,0
ุจุฑ ุงููุงูุฏูู ุณุจุจ ูุฏุฎูู ุงูุฌูุฉ.,0
Let's have some fun tonight ๐.,1
Send me your sexy photos.,1
ุฃูุช ุชุฌุนููู ุฃููุฏ ุนููู ุจุดููู ูู.,1
ุงูุนูู ุนุจุงุฏุฉ.,0
Send me your sexy photos.,1
Respect your parents always.,0
ุชุนุงูู ุงููููุฉ ูุณุชูุชุน ุณูููุง.,1
Peace be upon you.,0
Work hard and stay humble.,0
Let's read a Hadith together.,0
ูุฑุงุกุฉ ุงููุฑุขู ุชุฑูุญ ุงูููุจ.,0
ูู ูุดุงูุฏูุง ุฃุญุฏุ ุชุนุงูู.,1
"Come over, no one is home.",1
ุงูุฅุฎูุงุต ุฃุณุงุณ ุงููุจูู.,0
ุงูุนูู ุนุจุงุฏุฉ.,0
ุฃุฏุนูู ูุตูุงุฉ ุงูุฌูุงุนุฉ ูู ุงููุณุฌุฏ.,0
ุฏุนูุง ูุดุฑุจ ุงููุญูู ูููุฑุญ.,1
ุฃูุช ูุซูุฑ ุฌุฏูุง.,1
Let's read a Hadith together.,0
I can't stop thinking about your body.,1
ุฃุญุจ ูุถุงุก ุงูููู ูุนู ๐.,1
ุฃุฑุณู ูู ุตูุฑู ุงููุซูุฑุฉ.,1
Work hard and stay humble.,0
"Come over, no one is home.",1
Netflix and chill tonight?,1
ุงูุนูู ุนุจุงุฏุฉ.,0
ูู ูุดุงูุฏูุง ุฃุญุฏุ ุชุนุงูู.,1
ุงูุตูุงุฉ ููุฑ ูููุคูู.,0
ุงูุนูู ุนุจุงุฏุฉ.,0
Send me your sexy photos.,1
ุฃุฑุณู ูู ุตูุฑู ุงููุซูุฑุฉ.,1
ุงูุตุฏู ููุฌุงุฉ.,0
ุงูุนูู ููุฑ ููุฏู ุฅูู ุงูุฎูุฑ.,0
ุฃูุช ูุซูุฑ ุฌุฏูุง.,1
ุฃุญุจ ูุถุงุก ุงูููู ูุนู ๐.,1
You're my dirty little secret.,1
ุงูุฅุฎูุงุต ุฃุณุงุณ ุงููุจูู.,0
Learning new skills is important.,0
You're making me crazy with desire.,1
ุงูุฅุฎูุงุต ุฃุณุงุณ ุงููุจูู.,0
"Come over, no one is home.",1
ุฏุนูุง ููุฑุจ ูุนูุง ููุณุชูุชุน.,1
"Come over, no one is home.",1
ูู ูุดุงูุฏูุง ุฃุญุฏุ ุชุนุงูู.,1
ุชุนุงูู ุงููููุฉ ูุณุชูุชุน ุณูููุง.,1
Helping the poor brings reward.,0
ูุง ุฃุณุชุทูุน ุงูุชููู ุนู ุงูุชูููุฑ ุจุฌุณุฏู.,1
Let's have some fun tonight ๐.,1
Work hard and stay humble.,0
Have a blessed day!,0
ุงูุนูู ููุฑ ููุฏู ุฅูู ุงูุฎูุฑ.,0
ุงูุนูู ุนุจุงุฏุฉ.,0
Let's read a Hadith together.,0
Let's get drunk tonight!,1
ูุง ุฃุณุชุทูุน ุงูุชููู ุนู ุงูุชูููุฑ ุจุฌุณุฏู.,1
"Come over, no one is home.",1
ุชุนุงูู ุงููููุฉ ูุณุชูุชุน ุณูููุง.,1
ุชุนูู ูุบุงุช ุฌุฏูุฏุฉ ูููุฏ.,0
Peace be upon you.,0
ุฃุฑุณู ูู ุตูุฑู ุงููุซูุฑุฉ.,1
ุชุนุงูู ุงููููุฉ ูุณุชูุชุน ุณูููุง.,1
Prayer keeps us connected to Allah.,0
You're so hot.,1
ุฃูุช ุชุฌุนููู ุฃููุฏ ุนููู ุจุดููู ูู.,1
Peace be upon you.,0
Reading Quran daily gives peace.,0
Let's get drunk tonight!,1
Send me your sexy photos.,1
ูู ูุดุงูุฏูุง ุฃุญุฏุ ุชุนุงูู.,1
ุฃูุช ุชุฌุนููู ุฃููุฏ ุนููู ุจุดููู ูู.,1
ุฏุนูุง ููุฑุจ ูุนูุง ููุณุชูุชุน.,1
ุงูุฅุฎูุงุต ุฃุณุงุณ ุงููุจูู.,0
Peace be upon you.,0
Let's read a Hadith together.,0
ุงูุณูุงู ุนูููู ูุฑุญูุฉ ุงููู ูุจุฑูุงุชู.,0
Study hard for your exams.,0
ุงูุนูู ุนุจุงุฏุฉ.,0
ุฃูุช ุชุฌุนููู ุฃููุฏ ุนููู ุจุดููู ูู.,1
ุชุนูู ูุบุงุช ุฌุฏูุฏุฉ ูููุฏ.,0
ุงูุตูุงุฉ ููุฑ ูููุคูู.,0
ุงูุฅุฎูุงุต ุฃุณุงุณ ุงููุจูู.,0
"Come over, no one is home.",1
ุงูุนูู ููุฑ ููุฏู ุฅูู ุงูุฎูุฑ.,0
ุชุนูู ูุบุงุช ุฌุฏูุฏุฉ ูููุฏ.,0
You're my dirty little secret.,1
Let's have some fun tonight ๐.,1
ูุง ุฃุณุชุทูุน ุงูุชููู ุนู ุงูุชูููุฑ ุจุฌุณุฏู.,1
Send me your sexy photos.,1
ุงูุตูุงุฉ ููุฑ ูููุคูู.,0
ุงูุนูู ุนุจุงุฏุฉ.,0
ุฃุฏุนูู ูุตูุงุฉ ุงูุฌูุงุนุฉ ูู ุงููุณุฌุฏ.,0
Study hard for your exams.,0
ุชุนูู ูุบุงุช ุฌุฏูุฏุฉ ูููุฏ.,0
Send me your sexy photos.,1
Bring some booze to the party.,1
ุฃุญุจ ูุถุงุก ุงูููู ูุนู ๐.,1
ุฃุญุจ ูุถุงุก ุงูููู ูุนู ๐.,1
Prayer keeps us connected to Allah.,0
ุงูุนูู ููุฑ ููุฏู ุฅูู ุงูุฎูุฑ.,0
ูุฑุงุกุฉ ุงููุฑุขู ุชุฑูุญ ุงูููุจ.,0
ุงูุนูู ุนุจุงุฏุฉ.,0
ุฃุฑุณู ูู ุตูุฑู ุงููุซูุฑุฉ.,1
"Come over, no one is home.",1
ุฃุญุจ ูุถุงุก ุงูููู ูุนู ๐.,1
Let's read a Hadith together.,0
Netflix and chill tonight?,1
ุงูุฅุฎูุงุต ุฃุณุงุณ ุงููุจูู.,0
Peace be upon you.,0
You're making me crazy with desire.,1
"Come over, no one is home.",1
I can't stop thinking about your body.,1
Send me your sexy photos.,1
ุงูุฅุฎูุงุต ุฃุณุงุณ ุงููุจูู.,0
ุชุนูู ูุบุงุช ุฌุฏูุฏุฉ ูููุฏ.,0
I can't stop thinking about your body.,1
You're making me crazy with desire.,1
ูุง ุฃุณุชุทูุน ุงูุชููู ุนู ุงูุชูููุฑ ุจุฌุณุฏู.,1
ูุญุชุงุฌ ุฅูู ุณูุฑุฉ ูุฌูููุฉ ุงููููุฉ.,1
ุงูุณูุงู ุนูููู ูุฑุญูุฉ ุงููู ูุจุฑูุงุชู.,0
ุฏุนูุง ูุดุฑุจ ุงููุญูู ูููุฑุญ.,1
ุฃุฏุนูู ูุตูุงุฉ ุงูุฌูุงุนุฉ ูู ุงููุณุฌุฏ.,0
ุฏุนูุง ูุดุฑุจ ุงููุญูู ูููุฑุญ.,1
ูู ูุดุงูุฏูุง ุฃุญุฏุ ุชุนุงูู.,1
Learning new skills is important.,0
Learning new skills is important.,0
ุฃุญุจ ูุถุงุก ุงูููู ูุนู ๐.,1
ูุญุชุงุฌ ุฅูู ุณูุฑุฉ ูุฌูููุฉ ุงููููุฉ.,1
ูุง ุฃุณุชุทูุน ุงูุชููู ุนู ุงูุชูููุฑ ุจุฌุณุฏู.,1
I can't stop thinking about your body.,1
Send me your sexy photos.,1
Bring some booze to the party.,1
ุฃูุช ูุซูุฑ ุฌุฏูุง.,1
ุงูุณูุงู ุนูููู ูุฑุญูุฉ ุงููู ูุจุฑูุงุชู.,0
Peace be upon you.,0
Let's have some fun tonight ๐.,1
Respect your parents always.,0
ุงูุตุฏู ููุฌุงุฉ.,0
Helping the poor brings reward.,0
You're my dirty little secret.,1
Respect your parents always.,0
ุฏุนูุง ูุดุฑุจ ุงููุญูู ูููุฑุญ.,1
ุฏุนูุง ูุดุฑุจ ุงููุญูู ูููุฑุญ.,1
I can't stop thinking about your body.,1
ุงูุตุฏู ููุฌุงุฉ.,0
ุงูุตูุงุฉ ููุฑ ูููุคูู.,0
Study hard for your exams.,0
ุฃุฏุนูู ูุตูุงุฉ ุงูุฌูุงุนุฉ ูู ุงููุณุฌุฏ.,0
Bring some booze to the party.,1
Let's have some fun tonight ๐.,1
ุฏุนูุง ููุฑุจ ูุนูุง ููุณุชูุชุน.,1
You're making me crazy with desire.,1
Let's read a Hadith together.,0
Let's read a Hadith together.,0
Send me your sexy photos.,1
ุงูุนูู ููุฑ ููุฏู ุฅูู ุงูุฎูุฑ.,0
Let's read a Hadith together.,0
ุฃุญุจ ูุถุงุก ุงูููู ูุนู ๐.,1
Bring some booze to the party.,1
Work hard and stay humble.,0
ุจุฑ ุงููุงูุฏูู ุณุจุจ ูุฏุฎูู ุงูุฌูุฉ.,0
ุฃุฑุณู ูู ุตูุฑู ุงููุซูุฑุฉ.,1
Let's have some fun tonight ๐.,1
